{"cameraMode":{"drawMode":0,"name":"Shaded","section":"Shading Mode"},"sceneLighting":false,"audioPlay":false,"sceneViewState":{"m_AlwaysRefresh":false,"showFog":true,"showSkybox":false,"showFlares":true,"showImageEffects":true,"showParticleSystems":true,"showVisualEffectGraphs":true,"m_FxEnabled":true},"in2DMode":false,"pivot":{"x":0.28578680753707888,"y":3.222985029220581,"z":33.373104095458987},"rotation":{"x":0.16877897083759309,"y":0.35916996002197268,"z":-0.0665641725063324,"w":0.9156585335731506},"size":2.246096611022949,"orthographic":false}