{"cameraMode":{"drawMode":0,"name":"Shaded","section":"Shading Mode"},"sceneLighting":false,"audioPlay":false,"sceneViewState":{"m_AlwaysRefresh":false,"showFog":true,"showSkybox":false,"showFlares":true,"showImageEffects":true,"showParticleSystems":true,"showVisualEffectGraphs":true,"m_FxEnabled":true},"in2DMode":false,"pivot":{"x":-0.14767718315124513,"y":0.6223750710487366,"z":32.598880767822269},"rotation":{"x":0.16994024813175202,"y":0.47375795245170596,"z":-0.09373025596141815,"w":0.8590337634086609},"size":0.8660253882408142,"orthographic":false}