{"cameraMode":{"drawMode":0,"name":"Shaded","section":"Shading Mode"},"sceneLighting":false,"audioPlay":false,"sceneViewState":{"m_AlwaysRefresh":false,"showFog":true,"showSkybox":false,"showFlares":true,"showImageEffects":true,"showParticleSystems":true,"showVisualEffectGraphs":true,"m_FxEnabled":true},"in2DMode":false,"pivot":{"x":0.014290869235992432,"y":1.117164134979248,"z":24.766260147094728},"rotation":{"x":0.26671871542930605,"y":0.2865314185619354,"z":-0.08344509452581406,"w":0.9165146946907044},"size":0.8660253882408142,"orthographic":false}