{"cameraMode":{"drawMode":0,"name":"Shaded","section":"Shading Mode"},"sceneLighting":false,"audioPlay":false,"sceneViewState":{"m_AlwaysRefresh":false,"showFog":true,"showSkybox":false,"showFlares":true,"showImageEffects":true,"showParticleSystems":true,"showVisualEffectGraphs":true,"m_FxEnabled":true},"in2DMode":false,"pivot":{"x":0.8740280866622925,"y":-3.032942533493042,"z":34.596092224121097},"rotation":{"x":0.14712567627429963,"y":0.2020658254623413,"z":-0.03101944923400879,"w":0.9679169654846191},"size":1.7672855854034424,"orthographic":false}